<beans xmlns="http://www.springframework.org/schema/beans"
	
xmlns:xsi="http://www.w3.org/2001/XMLSchema-instance"
	
xmlns:context="http://www.springframework.org/schema/context"
	
xmlns:mvc="http://www.springframework.org/schema/mvc"
		
xsi:schemaLocation="http://www.springframework.org/schema/beans 
http://www.springframework.org/schema/beans/spring-beans.xsd
							
http://www.springframework.org/schema/context 
http://www.springframework.org/schema/context/spring-context-4.0.xsd
							
http://www.springframework.org/schema/mvc 
http://www.springframework.org/schema/mvc/spring-mvc-4.0.xsd">



<!-- Asking to configure handler mapping -->
	
<context:component-scan base-package="com.niit.social.rest" />
	
<context:component-scan base-package="com.niit.social.hiber" />
	
<mvc:annotation-driven />


<!-- Configuring the ViewResolver -->	
	
<bean class="org.springframework.web.servlet.view.InternalResourceViewResolver">
		
<property name="prefix" value="/WEB-INF/views/" />
		
<property name="suffix" value=".jsp" />
	
</bean>
	

<!-- <mvc:resources  location="/resources/"  mapping="/resource/**" /> -->


</beans>